model,dist,tau
Point-wise MLP,4.080717488789241,2.8186347782760337
Pair-wise RankNet,3.1804932735426066,2.858644743398106
