model,dist,tau
Point-wise MLP,1.2888639760837073,0.9427171566185019
Pair-wise RankNet,1.3594917787742917,0.939578143165587
